"","site_name","Mean_Annual_Temperature_C","Mean_max_temperature_C","Mean_min_temperature_C","Temperature_st_dev","Mean_Annual_Salinity_ppt","Mean_max_Salinity_ppt","Mean_min_Salinity_ppt","Salinity_st_dev"
"1","W1-TX",23.1054088188906,32.0176470588235,7.98823529411765,6.38546821611257,20.8578965409594,30.2235294117647,6.36470588235294,11.6639351083855
"2","W2-LA",22.8635853411622,33.16875,7.3125,6.69138590137851,10.464868596882,25.75,0.96875,5.58216683742257
"3","W3-FL",22.1556673008222,30.6387,10.38665,5.70766431643303,32.3522536547562,37.2042051805,15.4224441766,3.71539685491799
"4","S1-LOLA",16.9039561007101,24.8645,3.4065,7.96143220649764,13.837441457832,16.875,9.99,2.75705619961467
"5","S2-DEBY",17.1242424156129,30.1437727272727,3.54609090909091,8.07505645766884,19.3391307162995,24.1890909090909,12.9063636363636,2.56014876611224
"6","W4-VA",18.5346352267756,26.8416666666667,1.75833333333333,8.48879806824356,15.2082260828351,22.1833333333333,12.5416666666667,2.70141647539953
"7","W5-NH",16.7170932303351,27.162962962963,2.54814814814815,6.44962480142627,18.6413907070333,30.0444444444444,1.14444444444444,8.32092581976783
"8","W6-ME",15.3288717032758,23.46,4.02142857142857,5.22149721972098,29.4782830432469,31.5042857142857,8.74142857142857,2.2778779612237
