,Jul-11,Aug-11,Sep-11,Oct-11,Jul-12,Aug-12,Sep-12,Oct-12,Jul-13,Aug-13,Sep-13,Oct-13,Jul-14,Aug-14,Sep-14,Oct-14,Jul-15,Aug-15,Sep-15,Oct-15,Jul-16,Aug-16,Sep-16,Oct-16,Jul-17,Aug-17,Sep-17,Oct-17,Jul-18,Aug-18,Sep-18,Oct-18,Nov-18,Jul-19,Aug-19,Sep-19,Oct-19,Jul-21,Aug-21,Sep-21,Oct-21,Jul-22,Aug-22,Sep-22,Oct-22,Jul-23,Aug-23,Sep-23,Oct-23,Jun-24,Jul-24,Aug-24,Sep-24,Oct-24,Nov-24
Lynnhaven,0.64,2.6,2.869565217,2.5,1.24,2.28,3,2.6,1.52,2.76,2.76,2.76,0.96,2.12,2.68,2.6,1.08,2.36,2.5,2.48,1.88,3.16,2.84,2.76,2.68,2.84,2.76,,,,,,,,,,,,,,,,,,,,,,,,,,,,
Lewisetta,,,,,,,,,0.6,1.32,2,2.52,0.2,1.36,1.52,1.52,0.36,1.12,1.4,1.08,0.32,0.64,1.08,0.92,0.2,2.16,1.8,0.72,0.16,0.4,0.48,0.64,,,,,,0.2666666667,0.0667,0.4667,0.3333,0.08,0,0.16,0.48,0.28,0.28,0.76,1.68,0.09523809524,0.05,0.1904761905,0.619047619,0.9047619048,0.619047619
York,0.58,2.76,3.12,2.888888889,0.6,2.68,3.32,2.84,2.2,2.44,3.4,2.92,0.36,1.36,2.090909091,2.44,0.12,0.48,2,3.125,0.3181818182,1.44,3,3.476190476,0.12,2.12,3.56,2.52,1.16,1.8,3.04,3,,0.56,1.24,1.8,2.72,0.33,3.13,3.53,3,0.2,1.07,3.13,2.97,0.1,1.3,3,2.33,0.1,0.73,1.23,2.4,3.47,3
Horn Point,,,,,,,,,,,,,0.36,0.44,0.96,0.68,0.16,0.32,0.36,0.32,0.16,0.4,1.28,1.04,,,,,0.2,0.4,,0.68,,,,,,,,,,,,,,,,,,,,,,,
Kinsale,0,0.1,0.76,1.8,0.2916666667,0.8,2.36,2,,,,,,,,,,,,,,,,,,,,,,,,,,,,,,,,,,,,,,,,,,,,,,,
Rappahannock,,,,,,,,,,,,,,,,,,,,,,,,,,,2.04,1.6,,,0.16,0.88,1.6,0.32,0.24,0.76,0.56,0.1333333333,0.4667,0.5333,,0.08,0.28,0.64,1.68,0.32,0.875,2.2,3.04,0.04,0,0.44,0.96,0.64,1.52