"method","bag_site","kendall_surv","p_adj_surv","signif_surv_adj","kendall_len","p_adj_len","signif_len_adj","kendall_surv_nb","p_adj_surv_nb","signif_surv_adj_nb","kendall_len_nb","p_adj_len_nb","signif_len_adj_nb","diff_surv","diff_len"
"env_dist","Lewisetta",-0.204757089836981,0.537164702909407,FALSE,-0.515684522552395,0.0152433132544431,TRUE,-0.136504726557987,0.588703385196012,FALSE,-0.447432159273402,0.0200956637121982,TRUE,-0.0682523632789935,-0.0682523632789935
"env_dist","YorkRiver",-0.0770019465219051,0.731208373105474,FALSE,-0.249123944629693,0.227155403031371,FALSE,-0.131356261713838,0.588703385196012,FALSE,-0.303478259821626,0.124578046061572,FALSE,0.054354315191933,0.054354315191933
"gf_geno","Lewisetta",-0.136504726557987,0.588703385196012,FALSE,-0.447432159273402,0.0200956637121982,TRUE,-0.0682523632789935,0.745490442527729,FALSE,-0.379179795994408,0.0375161951732143,TRUE,-0.0682523632789935,-0.0682523632789935
"gf_geno","YorkRiver",-0.149474366777816,0.588703385196012,FALSE,-0.43030499526947,0.0244046043927077,TRUE,-0.149474366777816,0.588703385196012,FALSE,-0.484659310461402,0.0185288526511588,TRUE,0,0.054354315191933
"lea","Lewisetta",-0.273009453115974,0.537164702909407,FALSE,-0.583936885831389,0.00741210099899751,TRUE,-0.136504726557987,0.588703385196012,FALSE,-0.462599351113178,0.0185288526511588,TRUE,-0.136504726557987,-0.121337534718211
"lea","YorkRiver",-0.231005839565715,0.537164702909407,FALSE,-0.439364047801458,0.0230021635244486,TRUE,-0.231005839565715,0.537164702909407,FALSE,-0.439364047801458,0.0230021635244486,TRUE,0,0
"rda","Lewisetta",-0.219924281676757,0.537164702909407,FALSE,-0.379179795994408,0.0375161951732143,TRUE,-0.0530851714392172,0.774410422051318,FALSE,-0.242675069436421,0.218309557033131,FALSE,-0.16683911023754,-0.136504726557987
"rda","YorkRiver",-0.212887734501738,0.537164702909407,FALSE,-0.221946787033726,0.28235886523851,FALSE,-0.258182997161682,0.537164702909407,FALSE,-0.19476962943776,0.344754795545453,FALSE,0.0452952626599442,-0.0271771575959665
