"","site_name","offset_gf_af_lew","offset_gf_af_yrk"
"1","W1_TX",0.0159287948159893,0.0109974619568954
"2","W2_LA",0.00636068289221177,0.00859608546359444
"3","W3_FL",0.0187265854782546,0.011508567720559
"4","W4_VA",0.0129987947365741,0.00648634269965769
"5","W5_NH",0.0139120810859993,0.00791719338010738
"6","W6_ME",0.0175309034674793,0.0171458802363418
